ticker,name,objective,debt_ratio,investment_ratio,income_ratio,illiquid_assets_ratio,net_liquid_assets,share_price,shariah_status,note
AABS,Al-Abbas Sugar Mills Ltd,Compliant,22.66%,53.64%,2.46%,30.53%,238.97,1040.47,Non-Compliant,1
AASM,Al-Abid Silk Mills Limited,Compliant,34.98%,0.00%,4.31%,92.36%,(159.13),0.00,Compliant,
AATM,Ali Asghar Textile Mills Limited,Compliant,7.71%,20.27%,44.06%,76.08%,4.59,43.00,Non-Compliant,
ABOT,Abbott Lab (Pakistan) Ltd,Compliant,1.04%,0.00%,0.63%,61.42%,29.33,1050.14,Compliant,
ACPL,Attock Cement Pakistan Ltd,Compliant,25.04%,5.38%,0.06%,84.92%,(143.92),0.00,Compliant,
ADAMS,Adam Sugar Mills Ltd,Compliant,8.65%,0.18%,0.01%,88.96%,(144.14),0.00,Compliant,1
ADMM,Artistic Denim Mills Ltd,Compliant,42.96%,0.00%,0.07%,80.18%,(141.72),0.00,Non-Compliant,
AGHA,Agha Steel Ind,Compliant,48.50%,0.00%,0.08%,90.96%,(48.39),0.00,Non-Compliant,
AGIL,Agriauto Industries Ltd,Compliant,10.01%,0.74%,0.05%,71.96%,(23.75),0.00,Compliant,
AGL,Agritech Limited,Compliant,61.38%,7.49%,6.80%,85.48%,(100.84),0.00,Non-Compliant,
AGP,AGP Limited,Compliant,7.27%,0.05%,0.19%,85.99%,(37.26),0.00,Compliant,
AGSML,Abdullah Shah Ghazi Sugar Mills,Compliant,43.77%,0.00%,0.00%,99.68%,(53.51),0.00,Non-Compliant,1
AGTL,Al-Ghazi Tractors Ltd,Compliant,0.21%,0.00%,0.36%,45.92%,32.07,400.66,Compliant,
AHCL,Arif Habib Corporation Ltd,Compliant,8.86%,4.14%,21.39%,76.22%,(17.83),0.00,Non-Compliant,
AHTM,Ahmed Hassan Textile Mills Ltd,Compliant,13.06%,0.00%,0.00%,81.67%,(145.89),0.00,Compliant,
AIRLINK,Air Link Communication Limited,Compliant,32.66%,6.44%,0.38%,53.65%,(40.00),0.00,Compliant,
AKDHL,AKD Hospitality Limited (AKD Capital),Compliant,0.00%,62.08%,28.27%,5.15%,19.59,178.59,Non-Compliant,
AKGL,AL-Khair Gadoon Ltd,Compliant,23.18%,0.00%,0.04%,76.39%,(16.19),0.00,Compliant,
ALNRS,Al-Noor Sugar Mills Ltd,Compliant,8.82%,0.02%,0.05%,91.46%,(379.13),0.00,Compliant,1
ALTN,Altern Energy Ltd,Compliant,0.00%,81.70%,0.46%,3.48%,26.16,11.76,Non-Compliant,
AMTEX,Amtex Limited,Compliant,249.02%,0.00%,0.07%,72.74%,(42.71),0.00,Non-Compliant,
ANL,Azgard Nine Ltd,Compliant,27.24%,2.00%,0.00%,65.43%,(8.47),0.00,Compliant,
ANSM,Ansari Sugar Mills Ltd,Compliant,64.99%,0.00%,0.00%,89.13%,(184.63),0.00,Non-Compliant,1
ANTM,AN Textile Mills Ltd,Compliant,20.53%,0.00%,0.00%,83.28%,(96.62),0.00,Compliant,
APL,Attock Petroleum Ltd,Compliant,8.34%,35.90%,1.18%,49.74%,40.39,545.56,Non-Compliant,
ARCTM,Arctic Textile Mills Limited,Compliant,0.00%,0.00%,0.03%,76.59%,(12.99),0.00,Compliant,
ARMG,ARM Green Industries Limited (Calcorp Limited),Compliant,0.00%,0.00%,95.22%,34.88%,10.95,59.28,Non-Compliant,
ARPL,Archroma Pakistan Ltd,Compliant,1.30%,0.00%,0.00%,49.06%,(96.91),0.00,Compliant,1
ARUJ,Aruj Industries Ltd,Compliant,67.83%,0.00%,0.00%,46.39%,(5.27),0.00,Non-Compliant,
ASC,Al Shaheer Corporation Ltd,Compliant,0.00%,0.00%,0.00%,89.77%,(10.99),0.00,Compliant,
ASHT,Ashfaq Textile Mills Ltd,Compliant,0.00%,0.00%,0.18%,79.57%,(0.09),0.00,Compliant,
ASL,Aisha Steel Ltd,Compliant,29.15%,0.00%,0.00%,72.13%,(4.82),0.00,Compliant,
ASTL,Amreli Steels Ltd,Compliant,35.91%,0.07%,5.27%,71.51%,(61.69),0.00,Non-Compliant,
ASTM,Asim Textile Mills Ltd,Compliant,0.00%,0.00%,0.00%,74.38%,(32.84),0.00,Compliant,
ATBA,Atlas Battery Ltd,Compliant,21.69%,2.97%,0.00%,70.06%,(211.56),0.00,Compliant,
ATLH,Atlas Honda Ltd,Compliant,0.51%,33.66%,1.94%,27.23%,116.47,1342.30,Non-Compliant,1
ATRL,Attock Refinery Ltd,Compliant,0.12%,18.36%,1.92%,52.09%,367.07,683.43,Compliant,
AVN,Avanceon Limited,Compliant,9.33%,0.00%,0.00%,25.60%,18.58,43.66,Compliant,4
AWTX,Allawasaya Textile Mills Ltd,Compliant,23.23%,0.42%,0.31%,67.88%,(1152.54),0.00,Compliant,
BAFS,Baba Farid Sugar Mills Ltd,Compliant,8.17%,0.00%,0.14%,85.81%,(828.96),0.00,Compliant,1
BAPL,Bawany Air Product Ltd,Compliant,2.34%,0.34%,0.00%,2.42%,406.32,44.61,Non-Compliant,
BATA,Bata (Pakistan) Ltd,Compliant,32.97%,0.33%,0.09%,78.19%,(986.05),0.00,Compliant,
BBFL,Big Bird Foods Limited,Compliant,27.83%,0.00%,1.39%,82.81%,(9.04),0.00,Compliant,
BCL,Bolan Castings Ltd,Compliant,4.88%,0.00%,0.27%,67.62%,(16.63),0.00,Compliant,
BECO,Beco Steel Limited (Ravi Textile),Compliant,0.07%,0.00%,0.00%,65.89%,(24.26),0.00,Compliant,
BELA,Bela Automotives Limited,Compliant,67.39%,0.00%,0.00%,88.83%,(24.15),0.00,Non-Compliant,
BERG,Berger Paints Pakistan Ltd,Compliant,20.27%,0.67%,0.10%,49.04%,(10.35),0.00,Compliant,
BFAGRO,Barkat Frisian Agro Limited,Compliant,0.21%,0.08%,0.00%,138.42%,(7.35),0.00,Compliant,
BFBIO,BF Biosciences Limited,Compliant,18.67%,13.26%,1.23%,70.83%,(23.71),0.00,Compliant,
BGL,Balochistan Glass Ltd,Compliant,39.39%,0.00%,0.00%,92.39%,(4.20),0.00,Non-Compliant,
BHAT,Bhanero Textile Mills Ltd,Compliant,34.14%,3.36%,0.29%,75.05%,(3344.83),0.00,Compliant,
BIFO,Biafo Industries Ltd,Compliant,12.79%,7.01%,0.11%,68.03%,7.27,160.54,Compliant,
BLUEX,Blue-Ex Limited,Compliant,4.88%,1.71%,0.50%,25.47%,28.00,64.86,Compliant,
BNL,Bunnys Limited,Compliant,17.67%,0.00%,0.00%,78.72%,(16.55),0.00,Compliant,
BNWM,Bannu Woollen Mills Ltd,Compliant,8.42%,0.00%,0.02%,83.35%,(16.02),0.00,Compliant,
BPL,Burshane LPG (Pakistan) Ltd,Compliant,30.15%,0.00%,4.17%,70.63%,(24.37),0.00,Compliant,
BRRG,B.R.R Guardian Limited,Compliant,0.00%,3.44%,6.41%,94.98%,(5.59),0.00,Non-Compliant,
BTL,Blessed Textiles Ltd,Compliant,29.16%,2.37%,0.05%,67.93%,(1488.13),0.00,Compliant,
BUXL,Buxly Paints Ltd,Compliant,0.00%,0.00%,0.03%,39.88%,(61.62),0.00,Compliant,
BWCL,Bestway Cement Ltd,Compliant,13.66%,18.56%,6.94%,77.44%,(142.76),0.00,Non-Compliant,
BWHL,Baluchistan Wheels Ltd,Compliant,0.54%,22.25%,2.38%,59.94%,60.05,187.94,Compliant,
CCM,Crescent Cotton Mills Ltd,Compliant,6.82%,7.22%,0.00%,75.35%,(12.43),0.00,Compliant,
CEPB,Century Paper & Board Mills,Compliant,18.28%,2.70%,0.33%,70.37%,(20.92),0.00,Compliant,
CFL,Crescent Fibres Ltd,Compliant,16.55%,0.68%,0.51%,45.04%,71.00,54.58,Compliant,
CHAS,Chashma Sugar Mills Ltd,Compliant,34.95%,1.07%,1.50%,85.51%,(663.92),0.00,Compliant,1
CHBL,Chenab Limited,Compliant,97.39%,0.00%,0.65%,91.18%,(85.78),0.00,Non-Compliant,
CHCC,Cherat Cement Co. Ltd,Compliant,7.00%,16.15%,1.79%,79.37%,(40.24),0.00,Compliant,
CJPL,Crescent Jute Products,Compliant,3003.20%,8.51%,100.00%,64.84%,(8.78),0.00,Non-Compliant,
CLOV,Clover Pakistan Ltd,Compliant,0.00%,0.00%,0.00%,69.01%,(2.77),0.00,Compliant,
CLVL,Cordoba Logistics,Compliant,36.12%,27.86%,96.30%,71.51%,(7.71),0.00,Non-Compliant,
CNERGY,Cnergyico PK Limited,Compliant,7.36%,0.00%,0.02%,91.52%,(30.43),0.00,Compliant,
COLG,Colgate Palmolive (Pakistan),Compliant,1.87%,31.22%,0.19%,57.11%,26.85,1268.91,Compliant,
CPHL,Citi Pharma Limited,Compliant,27.85%,1.45%,0.70%,60.07%,(8.13),0.00,Compliant,
CPPL,Cherat Packaging Ltd,Compliant,16.30%,0.00%,0.00%,76.52%,(83.01),0.00,Compliant,
CRTM,Crescent Textile Mills Ltd,Compliant,36.27%,0.69%,0.12%,83.65%,(89.62),0.00,Compliant,
CSAP,Crescent Steel & Allied Products,Compliant,3.68%,18.98%,1.73%,55.53%,31.35,101.29,Compliant,
CTM,Colony Textile Mills Ltd,Compliant,45.18%,1.32%,1.67%,89.22%,(39.37),0.00,Non-Compliant,
DAAG,Data Agro Limited,Compliant,29.81%,0.00%,0.00%,61.85%,(29.78),0.00,Compliant,
DADX,Dadex Eternit Limited,Compliant,4.34%,0.00%,0.00%,21.58%,(29.96),0.00,Compliant,
DBCI,Dadabhoy Cement Industries Limited,Compliant,0.00%,51.01%,100.00%,2.24%,2.23,7.91,Non-Compliant,
DBSL,Dadabhoy Sack Limited,Compliant,0.00%,0.00%,0.00%,99.99%,(2.59),0.00,Compliant,
DCL,Dewan Cement Ltd,Compliant,12.85%,0.00%,0.00%,97.00%,(44.22),0.00,Compliant,
DCR,Dolmen City REIT,Compliant,0.00%,0.00%,0.00%,98.84%,(0.62),0.00,Compliant,
DCTL,Dadabhoy Construction Technology Limited,Compliant,77.81%,0.00%,0.00%,0.00%,(6.94),0.00,Non-Compliant,2
DFML,Dewan Farooque Motors Ltd,Compliant,121.69%,0.00%,0.07%,64.07%,(50.55),0.00,Non-Compliant,2
DFSM,Dewan Farooq Spinning Mills Ltd,Compliant,10.62%,0.00%,0.00%,98.69%,(23.67),0.00,Compliant,
DGKC,D.G. Khan Cement Co. Ltd,Compliant,7.84%,26.79%,3.36%,68.49%,(8.92),0.00,Compliant,
DIIL,Diamond Industries,Compliant,0.00%,64.68%,0.00%,29.03%,19.63,50.00,Non-Compliant,
DINT,Din Textile Mills Ltd,Compliant,3.51%,0.00%,0.00%,73.33%,(283.06),0.00,Compliant,
DLL,Dawood Lawrencepur Limited,Compliant,7.19%,17.27%,12.91%,70.89%,88.30,676.55,Non-Compliant,
DMC,D.M. Corporation Limited.(D.M. Textile Mills Ltd),Compliant,0.00%,0.75%,0.00%,91.77%,(1.01),0.00,Compliant,
DNCC,Dandot Cement Co. Ltd,Compliant,33.26%,0.00%,0.00%,94.01%,(30.17),0.00,Compliant,
DOL,Descon Oxychem Ltd,Compliant,18.55%,15.95%,0.42%,69.36%,(2.24),0.00,Compliant,
DSFL,Dewan Salman Fiber Limited,Compliant,454.17%,0.00%,0.00%,82.47%,(58.97),0.00,Non-Compliant,
DSIL,DS Industries Ltd,Compliant,0.27%,31.31%,80.78%,8.38%,2.07,10.99,Non-Compliant,
DSL,Dost Steel Ltd,Compliant,19.89%,0.00%,0.00%,99.46%,(8.65),0.00,Compliant,
DWAE,Dewan Automomotive Engineering ltd,Compliant,494.15%,0.00%,0.35%,90.47%,(80.97),0.00,Non-Compliant,
DWSM,Dewan Sugar Mills Ltd,Compliant,35.59%,0.00%,0.06%,94.55%,(78.59),0.00,Compliant,1
DWTM,Dewan Textile Mills Ltd,Compliant,182.09%,0.00%,0.00%,99.68%,(13.20),0.00,Non-Compliant,
DYNO,Dynea Pakistan Ltd,Compliant,4.33%,9.51%,0.60%,41.54%,114.56,292.36,Compliant,
ECOP,EcoPack Ltd,Compliant,34.89%,0.00%,0.00%,76.89%,(23.66),0.00,Compliant,
EFERT,Engro Fertilizers Ltd,Compliant,11.28%,6.91%,0.40%,69.60%,(70.30),0.00,Compliant,
ELCM,Elahi Cotton Mills Ltd,Compliant,0.41%,0.23%,0.00%,70.26%,(100.64),0.00,Compliant,
ELSM,Ellcot Spinning Mills Ltd,Compliant,34.61%,3.40%,0.27%,77.52%,(422.87),0.00,Compliant,
EMCO,EMCO Industries Ltd,Compliant,24.62%,0.00%,0.00%,77.28%,(44.18),0.00,Compliant,
ENGROH,Engro Holdings Limited (Dawood Hercules Corporation),Compliant,17.51%,8.35%,1.30%,73.63%,(410.82),0.00,Compliant,
EPCL,Engro Polymer & Chemicals,Compliant,5.19%,10.47%,0.13%,74.55%,(70.48),0.00,Compliant,
EPQL,Engro Powergen Qadirpur Ltd,Compliant,13.86%,0.32%,3.18%,72.04%,0.87,32.36,Compliant,
EXIDE,Exide Pakistan Ltd,Compliant,13.18%,0.00%,0.01%,56.46%,(231.61),0.00,Compliant,1
FASM,Faisal Spinning Mills Ltd,Compliant,35.51%,0.91%,0.22%,76.05%,(1942.27),0.00,Compliant,
FATIMA,Fatima Fertilizer Co. Ltd,Compliant,3.22%,5.88%,0.93%,75.89%,(49.53),0.00,Compliant,
FCCL,Fauji Cement Co. Ltd,Compliant,21.50%,13.79%,0.57%,80.45%,(19.83),0.00,Compliant,
FCEL,First Capital Equities Ltd,Compliant,48.96%,18.70%,0.00%,68.13%,(6591.13),0.00,Non-Compliant,
FCEPL,Frieslandcampins Engro Foods Limited,Compliant,5.92%,0.37%,0.11%,78.10%,(16.08),0.00,Compliant,
FCL,Fast Cables Limited,Compliant,1.18%,0.00%,0.00%,60.71%,(11.04),0.00,Compliant,
FDPL,First Dawood Properties Limited,Compliant,25.02%,51.98%,85.95%,30.19%,2.72,6.03,Non-Compliant,
FECTC,Fecto Cement Ltd,Compliant,17.98%,0.00%,0.03%,88.73%,(56.25),0.00,Compliant,
FEROZ,Ferozsons Laboratories Ltd,Compliant,10.55%,6.91%,0.66%,72.86%,(104.36),0.00,Compliant,
FFC,Fauji Fertilizer Company Ltd,Compliant,4.35%,30.30%,4.97%,58.49%,(66.00),0.00,Compliant,
FFL,Fauji Foods Ltd,Compliant,2.02%,11.66%,1.44%,59.68%,(0.75),0.00,Compliant,
FIL,Fateh Industries Limited,Compliant,0.00%,0.27%,0.00%,92.36%,(66.89),0.00,Compliant,
FLYNG,FlyIng Cement Co. Ltd,Compliant,16.01%,0.00%,0.00%,92.96%,(20.84),0.00,Compliant,
FML,Feroze1888 Mills Ltd,Compliant,24.87%,0.00%,1.32%,68.55%,(70.15),0.00,Compliant,
FRCL,Frontier Ceramics Ltd,Compliant,0.62%,17.29%,0.80%,63.80%,(25.91),0.00,Compliant,
FRSM,Faran Sugar Mills Ltd,Compliant,0.00%,0.16%,0.00%,80.43%,(66.58),0.00,Compliant,1
FSWL,Fateh Sports Wear Limited,Compliant,0.00%,0.00%,0.00%,6.61%,262.43,102.82,Non-Compliant,
FZCM,Fazal Cloth Mills Ltd,Compliant,26.37%,4.43%,0.01%,82.19%,(1754.40),0.00,Compliant,
GADT,Gadoon Textile Mills Ltd,Compliant,17.29%,3.17%,0.13%,85.37%,(1211.78),0.00,Compliant,
GAL,Ghandhara Automobiles Limited (Ghandhara Nissan Ltd),Compliant,1.96%,0.00%,0.10%,83.06%,(106.19),0.00,Compliant,
GAMON,Gammon Pakistan Ltd,Compliant,0.00%,0.00%,12.80%,69.70%,3.31,22.01,Non-Compliant,
GATI,Gatron (Industries) Ltd,Compliant,0.66%,0.00%,0.00%,84.46%,(168.53),0.00,Compliant,
GATM,Gul Ahmed Textile Mills Ltd,Compliant,30.71%,1.85%,0.22%,77.83%,(103.80),0.00,Compliant,
GCIL,Ghani Chemical Industries Ltd,Compliant,0.00%,11.64%,2.40%,60.54%,(1.26),0.00,Compliant,
GCWL,Ghani Chemworld Limited,Compliant,0.00%,0.00%,0.00%,92.11%,(5.81),0.00,Compliant,
GDL,Ghani Dairies Limited,Compliant,0.52%,0.00%,0.16%,81.82%,(13.11),0.00,Compliant,2
GEMMEL,Mughal Energy Limited (GEM),Compliant,8.90%,0.00%,0.00%,88.61%,(22.00),0.00,Compliant,
GEMNETS,Nets International Communication Limited,Compliant,15.97%,1.45%,12.31%,9.15%,9.52,38.00,Non-Compliant,
GEMPACRA,The Pakistan Credit Rating Agency Ltd,Compliant,5.22%,13.73%,1.83%,20.71%,1.90,38.68,Compliant,
GEMPAPL,Pak Agro Packaging Limited,Compliant,9.73%,0.00%,0.00%,86.22%,(8.18),0.00,Compliant,
GFIL,Ghazi Fabrics International Ltd,Compliant,0.00%,0.00%,0.00%,78.74%,25.40,14.91,Compliant,
GGGL,Ghani Global Glass Ltd,Compliant,26.13%,0.00%,0.00%,71.10%,(6.53),0.00,Compliant,
GGL,Ghani Global Holdings Limited,Compliant,16.30%,0.37%,0.01%,72.56%,(9.79),0.00,Compliant,
GHGL,Ghani Glass Ltd,Compliant,0.11%,0.00%,0.00%,70.03%,2.57,35.85,Compliant,
GHNI,Ghandhara Industries Ltd,Compliant,0.05%,0.00%,0.01%,79.36%,(262.82),0.00,Compliant,
GIL,Goodluck Industries Ltd,Compliant,0.00%,0.00%,0.02%,89.80%,(80.10),0.00,Compliant,
GLAXO,GlaxoSmithKline Pakistan,Compliant,0.73%,0.00%,0.76%,56.15%,16.38,389.78,Compliant,
GLOT,Globe Textile Mills Limited,Compliant,0.00%,0.00%,0.00%,0.00%,2.12,8.70,Non-Compliant,
GOC,GOC (Pakistan) Limited,Compliant,0.00%,3.65%,0.23%,72.24%,19.38,115.64,Compliant,
GSPM,Gulshan Spinning Mills Limited,Compliant,1409.42%,3.35%,100.00%,37.79%,(137.32),0.00,Non-Compliant,
GTYR,Ghandhara Tyre & Rubber Co.,Compliant,33.63%,0.00%,0.00%,77.56%,(84.57),0.00,Compliant,
GUSM,Gulistan Spinning Mills Limited,Compliant,2375.33%,6.97%,83.67%,0.00%,(114.69),0.00,Non-Compliant,
GUTM,Gulistan Textile Mills Limited,Compliant,2048.00%,5.25%,0.00%,0.00%,(443.79),0.00,Non-Compliant,
GVGL,Ghani Value Glass Ltd,Compliant,0.00%,0.00%,0.00%,73.81%,(1.33),0.00,Compliant,
GWLC,Gharibwal Cement Ltd,Compliant,1.86%,7.55%,1.25%,85.67%,(19.84),0.00,Compliant,
HABSM,Habib Sugar Mills Ltd,Compliant,2.69%,56.73%,2.34%,80.25%,(9.46),0.00,Non-Compliant,1
HAEL,Hala Enterprises Ltd,Compliant,20.90%,0.00%,0.00%,68.65%,(1.47),0.00,Compliant,
HAFL,Hafiz Limited,Compliant,0.00%,1.11%,0.00%,95.39%,11.44,483.27,Compliant,
HALEON,Haleon Pakistan Ltd (Glaxo SmithKline Consumer Healthcare),Compliant,0.92%,12.25%,1.57%,62.82%,(19.36),0.00,Compliant,
HASCOL,Hascol Petroleum Ltd,Compliant,191.05%,0.25%,0.03%,85.87%,(127.45),0.00,Non-Compliant,
HATM,Hamid Textile Mills Limited,Compliant,18.44%,0.00%,0.00%,78.86%,(24.84),0.00,Compliant,
HCAR,Honda Atlas Cars (Pakistan) Ltd,Compliant,4.78%,0.00%,0.38%,50.60%,(58.71),0.00,Compliant,1
HINO,Hinopak Motors Ltd,Compliant,13.45%,0.00%,0.07%,81.38%,(130.77),0.00,Compliant,1
HINOON,Highnoon Laboratories Ltd,Compliant,2.72%,12.66%,0.53%,55.31%,56.65,1022.49,Compliant,
HMIM,Haji Mohammad Ismail Mills Ltd,Compliant,0.00%,0.00%,100.00%,28.66%,(0.39),0.00,Non-Compliant,
HPL,Hoechst Pakistan Limited (Sanofi Aventis),Compliant,1.80%,9.06%,0.51%,69.87%,(202.01),0.00,Compliant,
HRPL,Habib Rice Products Ltd,Compliant,12.55%,0.01%,0.03%,84.20%,(13.16),0.00,Compliant,1
HTL,Hi-Tech Lubricants Ltd,Compliant,23.19%,1.51%,0.01%,73.79%,(35.28),0.00,Compliant,
HUBC,Hub Power Company Ltd,Compliant,18.84%,42.35%,7.16%,37.34%,71.91,221.38,Compliant,
HUSI,Husein Industries Limited,Compliant,57.89%,0.43%,0.06%,95.02%,(75.42),0.00,Non-Compliant,
HWQS,Haseeb Waqas Sugar Mills Ltd,Compliant,43.59%,0.00%,0.00%,100.00%,(174.04),0.00,Non-Compliant,1
IBFL,Ibrahim Fibres Ltd,Compliant,4.19%,0.00%,0.00%,81.84%,(69.77),0.00,Compliant,
IBLHL,IBL HealthCare Ltd,Compliant,0.49%,0.00%,0.00%,44.17%,5.19,63.95,Compliant,
ICCI,ICC Industries Limited,Compliant,12.84%,0.00%,0.00%,98.08%,(10.47),0.00,Compliant,
ICL,Ittehad Chemicals Ltd,Compliant,14.23%,0.00%,0.36%,69.49%,(45.72),0.00,Compliant,
IDRT,Idrees Textile Mills Ltd,Compliant,26.87%,1.81%,0.33%,64.91%,(160.63),0.00,Compliant,
IDSM,Ideal Spinning Mills Ltd,Compliant,20.64%,0.00%,0.15%,61.90%,(131.20),0.00,Compliant,
IDYM,Indus Dyeing & Mfg Co. Ltd,Compliant,51.74%,7.09%,0.04%,65.16%,(703.47),0.00,Non-Compliant,
ILP,Interloop Limited,Compliant,27.50%,2.34%,0.73%,65.42%,(40.55),0.00,Compliant,
IMAGE,Image Pakistan Limited,Compliant,15.14%,0.00%,0.00%,70.61%,(2.55),0.00,Compliant,
INDU,Indus Motor Company Ltd,Compliant,0.13%,53.36%,3.99%,36.18%,252.00,2003.43,Non-Compliant,
INIL,International Industries Ltd,Compliant,12.37%,2.28%,0.09%,86.95%,(210.46),0.00,Compliant,
INKL,International Knitwear Ltd,Compliant,36.21%,1.25%,0.06%,52.07%,(10.13),0.00,Compliant,
IPAK,International Packaging Films Limited,Compliant,1.56%,0.00%,0.00%,74.16%,(22.72),0.00,Compliant,
IREIT,Image Reit,Compliant,0.00%,0.00%,0.00%,79.43%,2.59,9.27,Compliant,
ISIL,Ismail Industries Ltd,Compliant,28.30%,13.95%,0.53%,57.60%,(769.75),0.00,Compliant,
ISL,International Steels Ltd,Compliant,10.61%,1.53%,0.06%,91.58%,(48.85),0.00,Compliant,
ITANZ,Itanz Technologies Limited,Compliant,0.38%,0.00%,0.19%,4.92%,75.45,0.06,Compliant,
ITTEFAQ,Ittefaq Iron Industries,Compliant,26.19%,0.00%,0.08%,67.53%,(1.82),0.00,Compliant,
JATM,J. A. Textile Mills Ltd,Compliant,0.00%,0.00%,0.09%,71.47%,(16.28),0.00,Compliant,
JDMT,Janana De Malucho Textile,Compliant,19.19%,0.00%,0.11%,97.40%,(272.28),0.00,Compliant,
JDWS,JDW Sugar Mills Ltd,Compliant,19.56%,1.12%,0.97%,82.02%,(593.98),0.00,Compliant,1
JKSM,J.K. Spinning Mills Ltd,Compliant,37.44%,2.16%,0.14%,73.99%,(104.99),0.00,Non-Compliant,
JSML,Jauharabad Sugar Mills Ltd,Compliant,12.19%,0.57%,0.17%,83.49%,(63.07),0.00,Compliant,1
JUBS,Jubilee Spinning & Weaving Mills Ltd,Compliant,0.00%,0.00%,0.91%,86.51%,(0.11),0.00,Compliant,
JVDC,Javedan Corporation Ltd,Compliant,7.80%,10.72%,0.88%,71.90%,(15.17),0.00,Compliant,
KAPCO,Kot Addu Power Company,Compliant,0.00%,37.17%,17.79%,36.16%,37.96,37.52,Non-Compliant,
KCL,Karam Ceramics Ltd,Compliant,0.00%,0.00%,0.00%,93.40%,(36.09),0.00,Compliant,
KEL,K-Electric Ltd,Compliant,25.92%,2.30%,0.74%,58.58%,(12.50),0.00,Compliant,2
KHYT,Khyber Textile Mills Ltd,Compliant,0.00%,0.00%,0.00%,99.16%,(30.27),0.00,Compliant,
KML,Kohinoor Mills Ltd,Compliant,39.47%,0.95%,0.11%,73.87%,(202.07),0.00,Non-Compliant,
KOHC,Kohat Cement Co. Ltd,Compliant,2.24%,26.47%,3.69%,67.95%,1.71,113.20,Compliant,
KOHE,Kohinoor Energy Ltd,Compliant,14.04%,0.00%,3.13%,63.04%,5.27,17.44,Compliant,
KOHP,Kohinoor Power Company,Compliant,0.00%,0.05%,15.78%,56.20%,4.14,43.07,Non-Compliant,
KOHTM,Kohat Textile Mills Limited,Compliant,20.64%,0.09%,0.01%,76.38%,(140.92),0.00,Compliant,
KOIL,Kohinoor Industries Ltd,Compliant,0.00%,14.45%,36.20%,81.18%,5.04,32.00,Non-Compliant,
KOSM,Kohinoor Spinning Mills Ltd,Compliant,82.69%,0.01%,0.01%,95.88%,(8.45),0.00,Non-Compliant,
KPUS,Khairpur Sugar Mills Ltd,Compliant,20.61%,0.00%,0.01%,77.02%,(201.16),0.00,Compliant,1
KSBP,K.S.B.Pumps Company Ltd,Compliant,0.00%,0.00%,0.20%,53.39%,(26.25),0.00,Compliant,
KSTM,Khalid Siraj Textile Mills Ltd,Compliant,28.95%,0.00%,0.00%,97.63%,(34.82),0.00,Compliant,
KTML,Kohinoor Textile Mills Ltd,Compliant,17.71%,12.63%,2.37%,78.72%,(175.13),0.00,Compliant,
LCI,Lucky Core Industries Limited (ICI Pakistan),Compliant,2.80%,0.00%,0.24%,89.36%,(456.87),0.00,Compliant,
LEUL,Leather-Up Limited,Compliant,0.57%,0.00%,0.00%,40.86%,(0.05),0.00,Compliant,
LIVEN,Liven Pharma Limited,Compliant,3.92%,0.00%,0.00%,97.84%,(1.74),0.00,Compliant,
LOADS,Loads Limited,Compliant,32.84%,0.20%,0.00%,72.90%,(9.51),0.00,Compliant,
LOTCHEM,Lotte Chemical Pakistan Ltd,Compliant,3.23%,2.96%,0.58%,36.36%,4.06,29.18,Compliant,
LPGL,Leiner Pak Gelatine Ltd,Compliant,17.77%,0.00%,0.00%,91.14%,(126.00),0.00,Compliant,
LPL,Lalpir Power Ltd,Compliant,0.00%,78.23%,57.14%,19.98%,32.87,24.29,Non-Compliant,
LSECL,LSE Capital Limited,Compliant,2.05%,40.43%,68.60%,54.46%,6.80,5.19,Non-Compliant,
LUCK,Lucky Cement Ltd,Compliant,26.26%,0.30%,0.27%,86.25%,(866.19),0.00,Compliant,
MACFL,MACPAC Films Ltd,Compliant,0.00%,0.00%,0.00%,68.01%,(24.78),0.00,Compliant,
MACTER,Macter International Ltd,Compliant,1.26%,0.00%,0.00%,78.55%,(40.55),0.00,Compliant,
MARI,Mari Energies Ltd,Compliant,2.75%,6.05%,0.00%,63.30%,(3.29),0.00,Compliant,
MEHT,Mehmood Textile Mills Ltd,Compliant,33.15%,0.00%,0.00%,76.05%,(948.14),0.00,Compliant,
MERIT,Merit Packaging Ltd,Compliant,11.07%,0.00%,0.74%,69.76%,(2.94),0.00,Compliant,
MFFL,Mitchell's Fruit Farms Ltd,Compliant,17.09%,0.00%,0.02%,62.07%,(18.88),0.00,Compliant,1
MFL,Matco Foods Ltd,Compliant,32.57%,0.19%,0.07%,84.20%,(145.01),0.00,Compliant,
MIRKS,Mirpurkhas Sugar Mills Ltd,Compliant,21.02%,0.09%,0.05%,83.68%,(464.14),0.00,Compliant,1
MLCF,Maple Leaf Cement Factory,Compliant,7.63%,11.79%,0.46%,81.07%,(23.16),0.00,Compliant,
MQTM,Maqbool Textile Mills Ltd,Compliant,35.14%,0.13%,0.13%,84.43%,(275.74),0.00,Compliant,
MRNS,Mehran Sugar Mills Ltd,Compliant,12.45%,5.20%,0.00%,84.87%,(19.54),0.00,Compliant,1
MSCL,Metropolitan Steel Corporation,Compliant,2.78%,0.00%,0.04%,91.44%,0.31,14.09,Compliant,
MSOT,Masood Textile Mills,Compliant,41.67%,0.00%,0.02%,61.86%,(173.12),0.00,Non-Compliant,
MTL,Millat Tractors Ltd,Compliant,2.62%,0.24%,0.07%,65.83%,(56.77),0.00,Compliant,
MUBT,Mubarak Textile Mills Ltd,Compliant,0.00%,0.00%,0.00%,98.24%,(9.04),0.00,Compliant,
MUGHAL,Mughal Iron & Steel Industries,Compliant,16.75%,0.09%,0.01%,59.58%,(38.87),0.00,Compliant,
MWMP,Mandviwala Mauser Plastic Industries,Compliant,24.41%,0.00%,0.25%,62.31%,(6.99),0.00,Compliant,
NAGC,Nagina Cotton Mills Ltd,Compliant,45.28%,4.87%,0.05%,71.50%,(303.62),0.00,Non-Compliant,
NATF,National Foods Ltd,Compliant,16.62%,46.98%,1.20%,41.30%,36.25,396.21,Non-Compliant,
NATM,Nadeem Textile Mills Ltd,Compliant,34.50%,3.00%,0.54%,85.46%,(125.80),0.00,Compliant,
NCL,Nishat (Chunian) Ltd,Compliant,37.98%,0.39%,0.06%,74.61%,(190.26),0.00,Non-Compliant,
NCML,Nazir Cotton Mills Ltd,Compliant,3.97%,0.00%,0.27%,83.69%,(4.73),0.00,Compliant,
NCPL,Nishat Chunian Power Ltd,Compliant,2.55%,55.82%,5.48%,36.87%,38.05,50.41,Non-Compliant,
NESTLE,Nestle Pakistan Ltd,Compliant,3.45%,10.21%,0.19%,65.96%,(896.58),0.00,Compliant,
NETSOL,Netsol Technologies Ltd,Compliant,5.91%,1.31%,1.49%,8.73%,114.67,134.69,Compliant,
NICL,Nimir Industrial Chemicals Ltd,Compliant,38.01%,0.21%,0.02%,74.52%,(127.43),0.00,Non-Compliant,
NML,Nishat Mills Ltd,Compliant,18.21%,19.60%,1.92%,67.98%,(103.49),0.00,Compliant,
NONS,Noon Sugar Mills Ltd,Compliant,31.43%,0.00%,0.04%,81.16%,(608.81),0.00,Compliant,1
NPL,Nishat Power Limited,Compliant,8.58%,63.11%,6.47%,31.75%,50.69,66.66,Non-Compliant,
NRL,National Refinery Ltd,Compliant,26.75%,0.32%,0.03%,64.06%,(701.96),0.00,Compliant,
NRSL,Nimir Resins Ltd,Compliant,21.68%,0.00%,0.00%,45.50%,1.78,33.38,Compliant,
NSRM,The National Silk & Rayon Mills,Compliant,3.54%,0.02%,0.01%,72.37%,(3.84),0.00,Compliant,
OBOY,Oilboy Energy Limited (Drekkar Kingsway Ltd),Compliant,0.00%,0.00%,0.00%,5.55%,4.90,10.36,Non-Compliant,
OCTOPUS,Octopus Digital Limited,Compliant,0.03%,0.02%,0.00%,32.64%,11.04,43.61,Compliant,4
OGDC,Oil & Gas Development Co. Ltd,Compliant,0.15%,17.82%,6.62%,28.91%,208.33,281.09,Compliant,
OML,Olympia Mills Ltd,Compliant,0.00%,0.00%,0.46%,90.26%,(29.55),0.00,Compliant,
OTSU,Otsuka Pakistan Ltd,Compliant,35.18%,12.98%,0.00%,67.09%,(71.06),0.00,Compliant,
PABC,Pakistan Aluminium Beverages,Compliant,17.01%,52.84%,5.57%,37.42%,19.94,126.69,Non-Compliant,
PACE,Pace (Pakistan) Ltd,Compliant,50.69%,0.00%,8.12%,89.25%,(35.07),0.00,Non-Compliant,
PAEL,Pak Elektron Ltd,Compliant,20.88%,0.12%,0.03%,62.18%,(5.32),0.00,Compliant,
PAKD,Pak DataCom Ltd,Compliant,6.24%,15.34%,1.95%,25.30%,77.75,160.25,Compliant,
PAKL,Pak Leather Crafts Ltd,Compliant,487.43%,0.00%,0.00%,80.15%,(113.33),0.00,Non-Compliant,
PAKOXY,Pakistan Oxygen Limited,Compliant,8.31%,0.00%,0.00%,76.19%,(45.50),0.00,Compliant,
PASL,Pervez Ahmed Consultancy Services Ltd,Compliant,102.51%,0.00%,0.00%,97.33%,(3.48),0.00,Non-Compliant,
PASM,Paramount Spinning Mills Ltd,Compliant,725.57%,13.13%,0.00%,11.17%,(33.53),0.00,Non-Compliant,
PCAL,Pakistan Cables Ltd,Compliant,45.74%,0.00%,0.13%,62.69%,(287.96),0.00,Non-Compliant,
PHDL,Pakistan Hotels Developers Ltd,Compliant,0.00%,0.00%,98.64%,0.02%,79.35,50.40,Non-Compliant,
PIAHCLA,PIA Holding Company Limited,Compliant,128.96%,0.00%,0.16%,82.41%,(170.00),0.00,Non-Compliant,2
PIBTL,Pakistan International Bulk Terminal Ltd,Compliant,11.88%,0.00%,0.27%,70.27%,(2.25),0.00,Compliant,
PICT,Pakistan International Container Terminal,Compliant,0.00%,0.00%,0.00%,46.83%,(4.66),0.00,Compliant,
PIOC,Pioneer Cement Ltd,Compliant,6.02%,6.85%,0.02%,89.92%,(141.44),0.00,Compliant,
PKGP,Pakgen Power Ltd,Compliant,0.00%,81.97%,54.13%,15.43%,34.68,60.96,Non-Compliant,
PKGS,Packages Limited,Compliant,32.80%,3.03%,0.07%,79.65%,(1420.74),0.00,Compliant,
PMRS,The Premier Sugar Mills Ltd,Compliant,35.84%,0.04%,0.00%,88.21%,(5649.80),0.00,Compliant,1
PNSC,Pakistan National Shipping Corporation,Compliant,0.04%,43.98%,7.74%,36.70%,310.79,498.99,Non-Compliant,
POL,Pakistan Oilfields Ltd,Compliant,0.00%,18.40%,9.22%,24.60%,127.10,608.51,Non-Compliant,
POML,Punjab Oil Mills Ltd,Compliant,16.81%,0.03%,0.39%,51.22%,(17.65),0.00,Compliant,
POWER,Power Cement Ltd,Compliant,2.60%,0.16%,0.00%,86.87%,(13.40),0.00,Compliant,
PPL,Pakistan Petroleum Limited,Compliant,0.07%,7.67%,2.81%,26.12%,236.63,235.55,Compliant,
PPP,Pakistan paper products Ltd,Compliant,7.95%,0.00%,0.00%,77.81%,2.76,141.51,Compliant,
PPVC,Pakistan PVC Ltd,Compliant,60.23%,0.42%,0.12%,94.17%,(18.70),0.00,Non-Compliant,
PREMA,At-Tahur Limited,Compliant,4.28%,0.00%,0.00%,83.28%,(5.03),0.00,Compliant,
PRET,Premium Textile Mills Ltd,Compliant,39.95%,0.15%,0.03%,77.00%,(2228.36),0.00,Non-Compliant,
PRL,Pakistan Refinery Ltd,Compliant,28.81%,1.90%,0.36%,48.38%,(51.82),0.00,Compliant,
PRWM,Prosperity Weaving Mills Ltd,Compliant,44.51%,7.18%,0.06%,69.97%,(157.20),0.00,Non-Compliant,
PSEL,Pakistan Services Ltd,Compliant,10.50%,1.56%,1.24%,91.22%,(378.21),0.00,Compliant,2
PSO,Pakistan State Oil Co. Ltd,Compliant,25.16%,6.37%,0.37%,33.85%,(208.97),0.00,Compliant,
PSX,Pakistan Stock Exchange Ltd,Compliant,0.00%,49.65%,40.39%,38.92%,7.33,46.98,Non-Compliant,
PSYL,Pakistan Synthetics Ltd,Compliant,2.21%,0.00%,0.58%,71.79%,(28.89),0.00,Compliant,
PTC,Pakistan Telecommunication Compnay Ltd,Compliant,48.85%,4.06%,2.01%,58.12%,(137.16),0.00,Non-Compliant,
PTL,Panthar Tyres Limited,Compliant,32.84%,0.89%,0.14%,74.12%,(60.78),0.00,Compliant,
QTECH,Quantum Data Technologies Ltd (Chakwal Spinning Mills Ltd),Compliant,25.77%,0.00%,0.00%,96.97%,(8.73),0.00,Compliant,
QUET,Quetta Textile Mills Ltd,Compliant,23.95%,0.41%,2.27%,92.08%,(860.07),0.00,Compliant,
QUICE,Quice Food Industries Ltd,Compliant,0.00%,0.00%,0.00%,85.82%,(10.53),0.00,Compliant,
RCML,Reliance Cotton Spinning,Compliant,20.23%,7.49%,0.10%,75.44%,(704.81),0.00,Compliant,
REDCO,Redco Textiles Ltd,Compliant,0.00%,0.51%,0.04%,81.50%,(45.00),0.00,Compliant,
REWM,Reliance Weaving Mills,Compliant,31.40%,4.38%,0.18%,76.87%,(736.89),0.00,Compliant,
RMPL,Rafhan Maize Products,Compliant,1.44%,14.19%,1.07%,71.81%,(1443.07),0.00,Compliant,
RPL,Roshan Packages Ltd,Compliant,4.94%,2.48%,0.22%,73.50%,(7.60),0.00,Compliant,
RUBY,Ruby Textile Mills Ltd,Compliant,13.35%,0.00%,0.00%,96.28%,(3.60),0.00,Compliant,
RUPL,Rupali Polyester Ltd,Compliant,30.82%,0.00%,1.79%,85.61%,(129.79),0.00,Compliant,
SAIF,Saif Textile Mills Ltd,Compliant,39.05%,0.03%,0.01%,77.49%,(287.51),0.00,Non-Compliant,
SANE,Salman Noman Enterprises Ltd,Compliant,104.77%,0.00%,0.00%,91.95%,(254.55),0.00,Non-Compliant,
SANSM,Sanghar Sugar Mills Ltd,Compliant,0.31%,0.00%,0.05%,93.10%,(207.72),0.00,Compliant,1
SAPT,Sapphire Textile Mills,Compliant,31.36%,7.70%,1.18%,71.91%,(1655.49),0.00,Compliant,
SARC,Sardar Chemical Industries,Compliant,13.87%,0.00%,0.19%,43.80%,26.14,81.22,Compliant,
SASML,Sindh Abadgar's Sugar Mills Ltd,Compliant,14.09%,0.00%,0.21%,86.38%,(246.82),0.00,Compliant,1
SAZEW,Sazgar Engineering Works,Compliant,0.41%,0.00%,0.00%,56.07%,(125.25),0.00,Compliant,
SCL,Shield Corporation Ltd,Compliant,0.00%,0.00%,0.00%,86.81%,(178.34),0.00,Compliant,
SEARL,Searle Company Ltd,Compliant,3.43%,0.00%,0.89%,53.32%,11.56,119.97,Compliant,
SEL,Sitara Energy Ltd,Compliant,20.05%,0.00%,0.00%,73.42%,(38.50),0.00,Compliant,
SEPL,Security Papers Ltd,Compliant,0.00%,47.52%,6.95%,31.27%,93.21,158.18,Non-Compliant,
SERT,Service Industries Textiles Limited,Compliant,3.13%,0.00%,0.00%,93.85%,(44.16),0.00,Compliant,
SFL,Sapphire Fibres Ltd,Compliant,15.14%,45.49%,12.14%,30.47%,45591.01,1187.29,Non-Compliant,
SGABL,SG.Allied Businesses Limited,Compliant,5.99%,0.00%,0.00%,96.63%,(14.88),0.00,Compliant,
SGF,Service Global Footwear Limited,Compliant,26.30%,0.45%,0.43%,66.91%,(27.22),0.00,Compliant,
SGPL,SG Power Ltd,Compliant,0.00%,0.00%,0.00%,34.77%,(0.35),0.00,Compliant,
SHCI,Shaffi Chemical Industries Ltd,Compliant,114.95%,62.24%,6.82%,23.42%,(5.62),0.00,Non-Compliant,
SHCM,Shadman Cotton Mills,Compliant,17.40%,0.00%,0.00%,90.22%,(24.73),0.00,Compliant,
SHDT,Shadab Textile Mills Ltd,Compliant,16.53%,0.00%,0.01%,76.30%,(29.77),0.00,Compliant,
SHEZ,Shezan International Ltd,Compliant,39.05%,0.00%,0.00%,73.73%,(164.02),0.00,Non-Compliant,
SHFA,Shifa International Hospitals,Compliant,4.49%,3.97%,0.17%,74.58%,(30.43),0.00,Compliant,
SHJS,Shahtaj Sugar Mills Ltd,Compliant,47.49%,0.00%,0.14%,92.06%,(371.85),0.00,Non-Compliant,1
SHSML,Shahmurad Sugar Mills Ltd,Compliant,13.45%,0.00%,0.09%,87.60%,(362.41),0.00,Compliant,1
SIEM,Siemens (Pakistan) Engineering,Compliant,4.70%,0.00%,1.95%,13.24%,522.10,1620.00,Compliant,1
SITC,Sitara Chemical Industries Ltd,Compliant,0.33%,0.00%,0.00%,86.41%,(1096.68),0.00,Compliant,
SKRS,Sakrand Sugar Mills Ltd,Compliant,32.19%,0.15%,0.01%,97.94%,(74.06),0.00,Compliant,1
SLGL,Secure Logistics Group Limited,Compliant,11.02%,0.00%,0.35%,80.52%,(1.00),0.00,Compliant,
SLYT,Sally Textile Mills Ltd,Compliant,97.70%,0.00%,0.00%,88.41%,(204.17),0.00,Non-Compliant,
SMCPL,Safe Mix Concrete Ltd,Compliant,2.42%,0.00%,0.00%,36.74%,(4.24),0.00,Compliant,
SML,Shakarganj Limited,Compliant,2.00%,0.00%,0.00%,80.62%,(93.99),0.00,Compliant,
SNAI,Sana Industries Ltd,Compliant,10.79%,0.25%,0.02%,47.86%,(22.10),0.00,Compliant,
SNGP,Sui Northern Gas Pipelines Ltd,Compliant,11.18%,0.07%,1.23%,21.46%,(464.49),0.00,Compliant,
SPAC1,LSE SPAC-I Limited,Compliant,0.00%,0.00%,0.00%,0.00%,6.75,10.00,Non-Compliant,
SPCL,Saudi Pak Consultancy Company Ltd,Compliant,161.63%,68.90%,49.87%,25.36%,(5709.56),0.00,Non-Compliant,
SPEL,SPEL Limited,Compliant,6.72%,11.40%,0.79%,73.87%,1.22,54.78,Compliant,
SPL,Sitara Peroxide Ltd,Compliant,1.56%,0.00%,0.00%,90.35%,(21.39),0.00,Compliant,
SPWL,Saif Power Ltd,Compliant,18.25%,18.67%,6.84%,59.95%,0.35,11.15,Non-Compliant,
SPSL,Sitara Petroleum Service Limited,Compliant,27.98%,0.00%,0.00%,59.03%,(20.97),0.00,Compliant,
SRR,Signature Residency Reit,Compliant,0.00%,0.00%,0.00%,60.94%,(20.15),0.00,Compliant,
SRVI,Service Industries Ltd,Compliant,36.30%,15.70%,0.17%,60.04%,(877.43),0.00,Compliant,
SSGC,Sui Southern Gas Co. Ltd,Compliant,10.36%,0.01%,1.25%,22.17%,(273.35),0.00,Compliant,
SSML,Saritow Spinning Mills Ltd,Compliant,0.00%,0.00%,0.00%,92.78%,(37.84),0.00,Compliant,
SSOM,S.S. Oil Mills Ltd,Compliant,34.89%,0.00%,0.08%,52.82%,31.64,428.44,Compliant,
STCL,Shabbir Tiles & Ceramics Ltd,Compliant,10.85%,0.61%,0.07%,78.66%,(21.63),0.00,Compliant,
STJT,Shahtaj Textile Ltd,Compliant,20.65%,1.17%,0.10%,76.88%,(101.14),0.00,Compliant,
STL,Supernet Technologies Limited (Supernet Limited),Compliant,0.00%,0.00%,0.00%,99.88%,(1675.63),0.00,Compliant,
STML,Shams Textile Mills Ltd,Compliant,35.96%,1.93%,0.09%,71.11%,(155.87),0.00,Compliant,
STPL,Siddiqsons Tin Plate Ltd,Compliant,56.91%,4.61%,0.01%,75.92%,(11.33),0.00,Non-Compliant,
STYLERS,Stylers International Limited (AEL Textile Limited),Compliant,0.00%,0.00%,0.00%,76.95%,(3.47),0.00,Compliant,
SUHJ,Suhail Jute Mills Limited,Compliant,6.04%,0.00%,0.00%,99.65%,(211.82),0.00,Compliant,
SURC,Suraj Cotton Mills Ltd,Compliant,15.37%,3.86%,0.15%,75.37%,(100.72),0.00,Compliant,
SUTM,Sunrays Textile Mills Ltd,Compliant,37.44%,0.59%,0.26%,65.20%,(179.48),0.00,Non-Compliant,
SWL,Standard Worldwide td (Standard Insurance Company Ltd),Compliant,0.00%,0.00%,0.00%,97.77%,(56.72),0.00,Compliant,
SYM,Symmetry Group Limited,Compliant,8.89%,2.70%,0.71%,56.08%,2.02,14.78,Compliant,
SYS,Systems Limited,Compliant,8.50%,1.70%,0.09%,29.93%,88.55,170.88,Compliant,
SZTM,Shahzad textile Mills Ltd,Compliant,18.03%,2.43%,0.19%,76.25%,(83.97),0.00,Compliant,
TATM,TATA Textile Mills Ltd,Compliant,27.00%,19.35%,1.84%,66.67%,(228.45),0.00,Compliant,
TBL,Treet Battery Limited,Compliant,43.15%,0.00%,0.85%,82.16%,(6.48),0.00,Non-Compliant,
TCORP,Tariq Corporation Ltd,Compliant,5.47%,0.00%,0.01%,67.07%,(28.96),0.00,Compliant,1
TELE,Telecard Limited,Compliant,10.31%,0.64%,0.45%,18.90%,9.53,11.33,Compliant,
TGL,Tariq Glass Industries Ltd,Compliant,2.75%,0.70%,0.27%,72.04%,21.71,213.31,Compliant,
THALL,Thal Limited,Compliant,6.60%,59.48%,2.65%,29.00%,486.05,541.96,Non-Compliant,
THCCL,Thatta Cement Company,Compliant,6.81%,0.00%,1.87%,31.49%,39.26,84.18,Compliant,
TICL,Thal Industries Corp,Compliant,2.08%,5.04%,0.33%,61.07%,35.16,578.04,Compliant,
TOMCL,The Organic Meat Company,Compliant,4.57%,0.00%,0.12%,54.65%,13.92,50.74,Compliant,
TOWL,Towellers Limited,Compliant,0.61%,0.00%,0.07%,71.85%,1.72,172.00,Compliant,
TPL,TPL Corporation,Compliant,51.72%,4.90%,27.42%,51.66%,(39.76),0.00,Non-Compliant,
TPLP,TPL Properties Ltd,Compliant,25.98%,0.00%,5.97%,71.96%,(3.86),0.00,Non-Compliant,
TPLRF1,TPL REIT Fund 1,Compliant,0.00%,0.00%,2.12%,78.88%,1.74,10.41,Compliant,
TPLT,TPL Trakker Ltd,Compliant,38.41%,2.18%,0.34%,72.37%,(14.08),0.00,Non-Compliant,
TREET,Treet Corporation Ltd,Compliant,34.64%,0.27%,0.17%,70.32%,(24.47),0.00,Compliant,
TRG,TRG Pakistan Ltd,Compliant,2.58%,99.94%,100.00%,0.00%,76.39,72.86,Non-Compliant,
TRIPF,Tri-Pack Films Ltd,Compliant,40.83%,0.67%,0.07%,74.82%,(522.20),0.00,Non-Compliant,
TSML,Tandlianwala Sugar Mills Ltd,Compliant,46.62%,0.00%,0.01%,69.16%,144.50,192.09,Non-Compliant,1
TSPL,Tri-Star Power Ltd,Compliant,0.00%,41.48%,12.22%,7.01%,10.72,14.76,Non-Compliant,
UBDL,United Brands Limited,Compliant,0.00%,0.00%,0.16%,38.45%,(3.71),0.00,Compliant,
UDLI,UDL International Limited,Compliant,0.00%,2.34%,0.00%,87.55%,1.32,11.10,Compliant,
UDPL,United Distributors (Pakistan) Ltd,Compliant,0.40%,0.00%,1.27%,86.22%,(47.67),0.00,Compliant,
UNITY,Unity Foods Ltd,Compliant,36.76%,0.89%,0.79%,46.08%,(22.00),0.00,Compliant,3
UPFL,Unilever Pakistan Foods Ltd,Compliant,4.35%,0.00%,1.00%,73.67%,(1148.14),0.00,Compliant,
WAFI,Wafi Energy Pakistan Limited (SHELL PAKISTAN LIMITED),Compliant,9.51%,2.30%,0.28%,77.00%,(303.30),0.00,Compliant,
WAHDAT,Wahdat Poultry Farm Limited,Compliant,26.03%,0.00%,0.00%,72.63%,(5.44),0.00,Compliant,
WAHN,Wah-Noble Chemicals Ltd,Compliant,11.71%,0.00%,0.00%,47.54%,107.41,331.55,Compliant,
WAVES,Waves Corporation Limited,Compliant,29.57%,0.01%,0.00%,72.40%,(15.96),0.00,Compliant,
WAVESAPP,Waves Home Appliances Limited,Compliant,40.98%,0.02%,0.01%,66.49%,(18.33),0.00,Non-Compliant,
WTL,WorldCall Telecom Ltd,Compliant,44.20%,6.61%,0.88%,46.16%,(1.41),0.00,Non-Compliant,
YOUW,Yousaf Weaving Mills Ltd,Compliant,43.97%,0.00%,0.00%,86.85%,(7.89),0.00,Non-Compliant,
ZAHID,Zahidjee Textile Mills Ltd,Compliant,15.32%,11.69%,1.04%,72.93%,(32.66),0.00,Compliant,
ZAL,Zarea Limited,Compliant,0.99%,13.87%,2.07%,72.15%,2.89,47.59,Compliant,
ZIL,ZIL Limited,Compliant,5.44%,0.00%,0.00%,83.75%,(225.54),0.00,Compliant,
ZTL,Zephyr Textiles Ltd.,Compliant,30.08%,0.13%,0.00%,77.13%,(43.99),0.00,Compliant,
Zuma,Zuma Resources Limited (Bilal Fibers Ltd),Compliant,32.93%,0.00%,0.00%,0.12%,0.26,83.61,Non-Compliant,
BFMOD,B.F. Modaraba,Compliant,NA,NA,NA,51.86%,11.50,23.39,Compliant,
BIPL,BankIslami Pakistan Ltd,Compliant,NA,NA,NA,83.92%,(539.12),0.00,Compliant,
FABL,Faysal Bank Ltd,Compliant,NA,NA,NA,88.88%,(963.10),0.00,Compliant,
FANM,First Al-Noor Modaraba,Compliant,NA,NA,NA,90.98%,0.30,8.91,Compliant,
FECM,First Elite Capital Modaraba,Compliant,NA,NA,NA,88.71%,(6.30),0.00,Compliant,
FEM,First Equity Modaraba,Compliant,NA,NA,NA,80.38%,1.41,11.18,Compliant,
FFLM,First Fidelity Leasing Modaraba,Compliant,NA,NA,NA,96.95%,(0.64),0.00,Compliant,
FHAM,First Habib Modaraba,Compliant,NA,NA,NA,91.17%,(268.34),0.00,Compliant,
FIBLM,First IBL Modaraba,Compliant,NA,NA,NA,29.86%,7.60,10.23,Compliant,
FIMM,First Imrooz Modaraba,Compliant,NA,NA,NA,60.31%,(52.21),0.00,Compliant,
FNBM,First National Bank Modaraba,Compliant,NA,NA,NA,89.79%,(16.67),0.00,Compliant,
FPJM,First Punjab Modaraba,Compliant,NA,NA,NA,58.86%,22.07,4.60,Compliant,2
FPRM,First Paramount Modaraba,Compliant,NA,NA,NA,34.85%,7.12,12.90,Compliant,
FTMM,First Treet Manufacturing Modaraba,Compliant,NA,NA,NA,22.72%,9.63,20.14,Compliant,
FTSM,First Tri-Star Modaraba,Compliant,NA,NA,NA,94.42%,(3.59),0.00,Compliant,
GEMBCEM,Burj Clean Energy Modaraba(GEM),Compliant,NA,NA,NA,23.79%,8.31,11.00,Compliant,
MEBL,Meezan Bank Ltd,Compliant,NA,NA,NA,89.75%,(2242.40),0.00,Compliant,
OLPM,OLP Modaraba (Orix Modaraba),Compliant,NA,NA,NA,88.61%,(138.25),0.00,Compliant,
ORM,Orient Rental Modaraba,Compliant,NA,NA,NA,64.01%,(3.26),0.00,Compliant,
PAKQATAR,Pak Qatar Family Takaful Limited,Compliant,NA,NA,NA,91.32%,(263.09),0.00,Compliant,
PIM,Popular Islamic Modaraba,Compliant,NA,NA,NA,78.21%,0.17,21.55,Compliant,
PQGTL,Pak Qatar General Takaful Limited,Compliant,NA,NA,NA,47.25%,(2.18),0.00,Compliant,
SINDM,Sindh Modaraba,Compliant,NA,NA,NA,79.39%,8.17,35.62,Compliant,
TRSM,Trust Modaraba,Compliant,NA,NA,NA,91.01%,(0.29),0.00,Compliant,
WASL,Wasl Mobility Modaraba (First Prudential Modaraba ** ),Compliant,NA,NA,NA,81.98%,(1.51),0.00,Compliant,
786,786 Investments Ltd,Non-Compliant,NA,NA,NA,NA,NA,NA,NC by Nature,
ABL,Allied Bank Ltd,Non-Compliant,NA,NA,NA,NA,NA,NA,NC by Nature,
AGIC,Askari General Insurance Co.,Non-Compliant,NA,NA,NA,NA,NA,NA,NC by Nature,
AHL,Arif Habib Ltd,Non-Compliant,NA,NA,NA,NA,NA,NA,NC by Nature,
AICL,Adamjee Insurance Co. Ltd,Non-Compliant,NA,NA,NA,NA,NA,NA,NC by Nature,
AKBL,Askari Bank Ltd,Non-Compliant,NA,NA,NA,NA,NA,NA,NC by Nature,
AKDSL,AKD Securituies Limited,Non-Compliant,NA,NA,NA,NA,NA,NA,NC by Nature,
ALAC,Askari Life Assurance Co.,Non-Compliant,NA,NA,NA,NA,NA,NA,NC by Nature,
ALIFE,Adamjee Life Assurance Company Limited,Non-Compliant,NA,NA,NA,NA,NA,NA,NC by Nature,
AMBL,Apna Microfinance Bank Ltd,Non-Compliant,NA,NA,NA,NA,NA,NA,NC by Nature,
AMSL,Al-Mal Sec. & Services Ltd,Non-Compliant,NA,NA,NA,NA,NA,NA,NC by Nature,
ARPAK,Arpak International Investments Ltd,Non-Compliant,NA,NA,NA,NA,NA,NA,NC by Nature,
ASIC,Asia Insurance Co. Ltd,Non-Compliant,NA,NA,NA,NA,NA,NA,NC by Nature,
ATIL,Atlas insurance Ltd,Non-Compliant,NA,NA,NA,NA,NA,NA,NC by Nature,
BAFL,Bank Alfalah Ltd,Non-Compliant,NA,NA,NA,NA,NA,NA,NC by Nature,
BAHL,Bank Al Habib Ltd,Non-Compliant,NA,NA,NA,NA,NA,NA,NC by Nature,
BIIC,Business & Industrial Insurance Company,Non-Compliant,NA,NA,NA,NA,NA,NA,NC by Nature,
BML,Bank Makramah Limited,Non-Compliant,NA,NA,NA,NA,NA,NA,NC by Nature,
BOK,Bank of Khyber,Non-Compliant,NA,NA,NA,NA,NA,NA,NC by Nature,
BOP,Bank of Punjab,Non-Compliant,NA,NA,NA,NA,NA,NA,NC by Nature,
CENI,Century Insurance Co. Ltd,Non-Compliant,NA,NA,NA,NA,NA,NA,NC by Nature,
CSIL,Crescent Star Insurance Ltd,Non-Compliant,NA,NA,NA,NA,NA,NA,NC by Nature,
DEL,Dawood Equities Ltd,Non-Compliant,NA,NA,NA,NA,NA,NA,NC by Nature,
EFUG,EFU General Insurance Ltd,Non-Compliant,NA,NA,NA,NA,NA,NA,NC by Nature,
EFUL,EFU Life Assurance Ltd,Non-Compliant,NA,NA,NA,NA,NA,NA,NC by Nature,
ENGL,English Leasing Ltd,Non-Compliant,NA,NA,NA,NA,NA,NA,NC by Nature,
ESBL,Escorts Investment Bank Ltd,Non-Compliant,NA,NA,NA,NA,NA,NA,NC by Nature,
EWIC,East West Insurance Co.,Non-Compliant,NA,NA,NA,NA,NA,NA,NC by Nature,
FCIBL,First Credit & investment Bank Ltd,Non-Compliant,NA,NA,NA,NA,NA,NA,NC by Nature,
FCSC,First Capital Securities Corp. Ltd,Non-Compliant,NA,NA,NA,NA,NA,NA,NC by Nature,
FNEL,First National Equities Ltd,Non-Compliant,NA,NA,NA,NA,NA,NA,NC by Nature,
GRR,Globe Residency Reit,Non-Compliant,NA,NA,NA,NA,NA,NA,NC by Nature,
GRYL,Grays Leasing Ltd,Non-Compliant,NA,NA,NA,NA,NA,NA,NC by Nature,
HBL,Habib Bank Ltd,Non-Compliant,NA,NA,NA,NA,NA,NA,NC by Nature,
HGFA,HBL Growth Fund - (A),Non-Compliant,NA,NA,NA,NA,NA,NA,NC by Nature,
HICL,Habib Insurance Co. Ltd,Non-Compliant,NA,NA,NA,NA,NA,NA,NC by Nature,
HIFA,HBL Investment Fund (A),Non-Compliant,NA,NA,NA,NA,NA,NA,NC by Nature,
HMB,Habib Metropolitan Bank Ltd,Non-Compliant,NA,NA,NA,NA,NA,NA,NC by Nature,
HUMNL,Hum Network Ltd,Non-Compliant,NA,NA,NA,NA,NA,NA,NC by Nature,
ICIBL,Invest Capital Investment Bank,Non-Compliant,NA,NA,NA,NA,NA,NA,NC by Nature,
IGIHL,IGI Holdings Ltd,Non-Compliant,NA,NA,NA,NA,NA,NA,NC by Nature,
IGIL,IGI Life Insurance Ltd,Non-Compliant,NA,NA,NA,NA,NA,NA,NC by Nature,
IML,Imperial Limited,Non-Compliant,NA,NA,NA,NA,NA,NA,NC by Nature,
IMS,Intermarket Securities Limited,Non-Compliant,NA,NA,NA,NA,NA,NA,NC by Nature,
INMF,Investec Mutual Fund Limited,Non-Compliant,NA,NA,NA,NA,NA,NA,NC by Nature,
JGICL,Jubilee General insurance Co.,Non-Compliant,NA,NA,NA,NA,NA,NA,NC by Nature,
JLICL,Jubilee Life Insurance Co.,Non-Compliant,NA,NA,NA,NA,NA,NA,NC by Nature,
JSBL,JS Bank Ltd,Non-Compliant,NA,NA,NA,NA,NA,NA,NC by Nature,
JSCL,Jahangir Siddiqui & Co. Ltd,Non-Compliant,NA,NA,NA,NA,NA,NA,NC by Nature,
JSGCL,JS Global Capital Ltd,Non-Compliant,NA,NA,NA,NA,NA,NA,NC by Nature,
JSRR,JS Rental REIT,Non-Compliant,NA,NA,NA,NA,NA,NA,NC by nature,
JSIL,JS Investments Ltd,Non-Compliant,NA,NA,NA,NA,NA,NA,NC by Nature,
KHTC,Khyber Tobacco Company,Non-Compliant,NA,NA,NA,NA,NA,NA,NC by Nature,
LSEFSL,LSE Financial Service Limited,Non-Compliant,NA,NA,NA,NA,NA,NA,NC by Nature,
LSEVL,LSE Ventures ltd,Non-Compliant,NA,NA,NA,NA,NA,NA,NC by Nature,
MCB,MCB Bank Ltd,Non-Compliant,NA,NA,NA,NA,NA,NA,NC by Nature,
MCBIM,MCB Investment Management Limited,Non-Compliant,NA,NA,NA,NA,NA,NA,NC by Nature,
MDTL,Media Times Limited,Non-Compliant,NA,NA,NA,NA,NA,NA,NC by Nature,
MUREB,Murree Brewery Company,Non-Compliant,NA,NA,NA,NA,NA,NA,NC by Nature,
NBP,National Bank of Pakistan,Non-Compliant,NA,NA,NA,NA,NA,NA,NC by Nature,
NEXT,Next Capital Limited,Non-Compliant,NA,NA,NA,NA,NA,NA,NC by Nature,
OLPL,OLP Financial Services private Limited,Non-Compliant,NA,NA,NA,NA,NA,NA,NC by Nature,
PAKRI,Pakistan Reinsurance Co. Ltd,Non-Compliant,NA,NA,NA,NA,NA,NA,NC by Nature,
PAKT,Pakistan Tobacco Company Limited,Non-Compliant,NA,NA,NA,NA,NA,NA,NC by Nature,
PGLC,Pak- Gulf Leasing Company,Non-Compliant,NA,NA,NA,NA,NA,NA,NC by Nature,
PICL,Pakistan Industrial & Commercial Leasing,Non-Compliant,NA,NA,NA,NA,NA,NA,NC by Nature,
PIL,PICIC Insurance Ltd,Non-Compliant,NA,NA,NA,NA,NA,NA,NC by Nature,
PINL,Premier Insurance Ltd,Non-Compliant,NA,NA,NA,NA,NA,NA,NC by Nature,
PKGI,Pakistan General insurance Co.,Non-Compliant,NA,NA,NA,NA,NA,NA,NC by Nature,
PRIB,Prudential Investment Bank,Non-Compliant,NA,NA,NA,NA,NA,NA,NC by Nature,
PRIC,Progressive Insurance,Non-Compliant,NA,NA,NA,NA,NA,NA,NC by Nature,
PUDF,Prudential Stocks Fund Limited,Non-Compliant,NA,NA,NA,NA,NA,NA,NC by Nature,
RICL,Reliance Insurance Co Ltd,Non-Compliant,NA,NA,NA,NA,NA,NA,NC by Nature,
SBL,Samba Bank Ltd,Non-Compliant,NA,NA,NA,NA,NA,NA,NC by Nature,
SCBPL,Standard Chartered Bank Ltd,Non-Compliant,NA,NA,NA,NA,NA,NA,NC by Nature,
SHNI,Shaheen Insurance Co. Ltd,Non-Compliant,NA,NA,NA,NA,NA,NA,NC by Nature,
SIBL,Security Investment Bank Ltd,Non-Compliant,NA,NA,NA,NA,NA,NA,NC by Nature,
SLCL,Security Leasing Corporation Ltd,Non-Compliant,NA,NA,NA,NA,NA,NA,NC by Nature,
SLL,SME Leasing Ltd,Non-Compliant,NA,NA,NA,NA,NA,NA,NC by Nature,
SNBL,Soneri Bank Ltd,Non-Compliant,NA,NA,NA,NA,NA,NA,NC by Nature,
SSIC,Silver Star Insurance Co.,Non-Compliant,NA,NA,NA,NA,NA,NA,NC by Nature,
TPLI,TPL Insurance Ltd,Non-Compliant,NA,NA,NA,NA,NA,NA,NC by Nature,
TPLL,TPL Life Insurance Limited,Non-Compliant,NA,NA,NA,NA,NA,NA,NC by Nature,
TRIBL,Trust Investment Bank Ltd,Non-Compliant,NA,NA,NA,NA,NA,NA,NC by Nature,
TSBL,Trust Securities & Brokerage,Non-Compliant,NA,NA,NA,NA,NA,NA,NC by Nature,
TSMF,Tri-Star Mutual Fund,Non-Compliant,NA,NA,NA,NA,NA,NA,NC by Nature,
UBL,United Bank Ltd,Non-Compliant,NA,NA,NA,NA,NA,NA,NC by Nature,
UNIC,United Insurance Co. of Pakistan,Non-Compliant,NA,NA,NA,NA,NA,NA,NC by Nature,
UVIC,Universal Insurance Co. Ltd,Non-Compliant,NA,NA,NA,NA,NA,NA,NC by Nature,
